<?xml version="1.0"?>
<?xml-stylesheet type="text/xsl" href="preguntas.xsl"?>
<assessmentItems>
    <assessmentItem complexity="2" subject="Web" author="jvadillo001@ikasle.ehu.es">
        <itemBody>
            <p>Tag HTML para a&#xF1;adir un formulario</p>
        </itemBody>
        <correctResponse>
            <value>
                FORM
            </value>
        </correctResponse>
        <incorrectResponses>
            <value>OBJECT</value>
            <value>TABLE</value>
            <value>DIV</value>
        </incorrectResponses>
    </assessmentItem>
<assessmentItem complexity="2" subject="34343" author="crivas004@ikasle.ehu.eus"><itemBody><p>23232323232323232</p></itemBody><correctResponse><value>323232</value></correctResponse><incorrectResponses><value>32323</value><value>2323</value><value>23232</value></incorrectResponses></assessmentItem><assessmentItem complexity="1" subject="2121212" author="crivas004@ikasle.ehu.eus"><itemBody><p>12121212121212121</p></itemBody><correctResponse><value>2121</value></correctResponse><incorrectResponses><value>21212</value><value>121</value><value>21212</value></incorrectResponses></assessmentItem><assessmentItem complexity="1" subject="2121212" author="crivas004@ikasle.ehu.eus"><itemBody><p>sasasasasasasa</p></itemBody><correctResponse><value>2121</value></correctResponse><incorrectResponses><value>323</value><value>121</value><value>2323</value></incorrectResponses></assessmentItem><assessmentItem complexity="1" subject="letras" author="crivas004@ikasle.ehu.eus"><itemBody><p>cual va antes de la 'b'</p></itemBody><correctResponse><value>a</value></correctResponse><incorrectResponses><value>&#xE1;</value><value>b</value><value>d</value></incorrectResponses></assessmentItem><assessmentItem complexity="1" subject="letras" author="crivas004@ikasle.ehu.eus"><itemBody><p>cual va antes de la 'b'</p></itemBody><correctResponse><value>a</value></correctResponse><incorrectResponses><value>f</value><value>b</value><value>d</value></incorrectResponses></assessmentItem><assessmentItem complexity="1" subject="letras" author="crivas004@ikasle.ehu.eus"><itemBody><p>cual va antes de la b</p></itemBody><correctResponse><value>a</value></correctResponse><incorrectResponses><value>f</value><value>b</value><value>d</value></incorrectResponses></assessmentItem></assessmentItems>
